name; email;
Cesar 150;celke150@celke.com.br;
Cesar 151;celke151@celke.com.br;
Cesar 152;celke152@celke.com.br;
Cesar 153;celke153@celke.com.br;
Cesar 154;celke154@celke.com.br;
Cesar 155;celke155@celke.com.br;
Cesar 156;celke156@celke.com.br;
Cesar 157;celke157@celke.com.br;
Cesar 158;celke158@celke.com.br;
Cesar 159;celke159@celke.com.br;
Cesar 160;celke160@celke.com.br;
Cesar 161;celke161@celke.com.br;
Cesar 162;celke162@celke.com.br;
Cesar 163;celke163@celke.com.br;
Cesar 164;celke164@celke.com.br;
Cesar 165;celke165@celke.com.br;
Cesar 166;celke166@celke.com.br;
Cesar 167;celke167@celke.com.br;
Cesar 168;celke168@celke.com.br;
Cesar 169;celke169@celke.com.br;
Cesar 170;celke170@celke.com.br;
Cesar 171;celke171@celke.com.br;
Cesar 172;celke172@celke.com.br;
Cesar 173;celke173@celke.com.br;
Cesar 174;celke174@celke.com.br;
Cesar 175;celke175@celke.com.br;
Cesar 176;celke176@celke.com.br;
Cesar 177;celke177@celke.com.br;
Cesar 178;celke178@celke.com.br;
Cesar 179;celke179@celke.com.br;
Cesar 180;celke180@celke.com.br;
Cesar 181;celke181@celke.com.br;
Cesar 182;celke182@celke.com.br;
Cesar 183;celke183@celke.com.br;
Cesar 184;celke184@celke.com.br;
Cesar 185;celke185@celke.com.br;
Cesar 186;celke186@celke.com.br;
Cesar 187;celke187@celke.com.br;
Cesar 188;celke188@celke.com.br;
Cesar 189;celke189@celke.com.br;
Cesar 190;celke190@celke.com.br;
Cesar 191;celke191@celke.com.br;
Cesar 192;celke192@celke.com.br;
Cesar 193;celke193@celke.com.br;
Cesar 194;celke194@celke.com.br;
Cesar 195;celke195@celke.com.br;
Cesar 196;celke196@celke.com.br;
Cesar 197;celke197@celke.com.br;
Cesar 198;celke198@celke.com.br;
Cesar 199;celke199@celke.com.br;
Cesar 200;celke200@celke.com.br;
Cesar 201;celke201@celke.com.br;
Cesar 202;celke202@celke.com.br;
Cesar 203;celke203@celke.com.br;
Cesar 204;celke204@celke.com.br;
Cesar 205;celke205@celke.com.br;
Cesar 206;celke206@celke.com.br;
Cesar 207;celke207@celke.com.br;
Cesar 208;celke208@celke.com.br;
Cesar 209;celke209@celke.com.br;
Cesar 210;celke210@celke.com.br;
Cesar 211;celke211@celke.com.br;
Cesar 212;celke212@celke.com.br;
Cesar 213;celke213@celke.com.br;
Cesar 214;celke214@celke.com.br;
Cesar 215;celke215@celke.com.br;
Cesar 216;celke216@celke.com.br;
Cesar 217;celke217@celke.com.br;
Cesar 218;celke218@celke.com.br;
Cesar 219;celke219@celke.com.br;
Cesar 220;celke220@celke.com.br;
Cesar 221;celke221@celke.com.br;
Cesar 222;celke222@celke.com.br;
Cesar 223;celke223@celke.com.br;
Cesar 224;celke224@celke.com.br;
Cesar 225;celke225@celke.com.br;
Cesar 226;celke226@celke.com.br;
Cesar 227;celke227@celke.com.br;
Cesar 228;celke228@celke.com.br;
Cesar 229;celke229@celke.com.br;
Cesar 230;celke230@celke.com.br;
Cesar 231;celke231@celke.com.br;
Cesar 232;celke232@celke.com.br;
Cesar 233;celke233@celke.com.br;
Cesar 234;celke234@celke.com.br;
Cesar 235;celke235@celke.com.br;
Cesar 236;celke236@celke.com.br;
Cesar 237;celke237@celke.com.br;
Cesar 238;celke238@celke.com.br;
Cesar 239;celke239@celke.com.br;
Cesar 240;celke240@celke.com.br;
Cesar 241;celke241@celke.com.br;
Cesar 242;celke242@celke.com.br;
Cesar 243;celke243@celke.com.br;
Cesar 244;celke244@celke.com.br;
Cesar 245;celke245@celke.com.br;
Cesar 246;celke246@celke.com.br;
Cesar 247;celke247@celke.com.br;
Cesar 248;celke248@celke.com.br;
Cesar 249;celke249@celke.com.br;
Cesar 250;celke250@celke.com.br;
Cesar 251;celke251@celke.com.br;
Cesar 252;celke252@celke.com.br;
Cesar 253;celke253@celke.com.br;
Cesar 254;celke254@celke.com.br;
Cesar 255;celke255@celke.com.br;
Cesar 256;celke256@celke.com.br;
Cesar 257;celke257@celke.com.br;
Cesar 258;celke258@celke.com.br;
Cesar 259;celke259@celke.com.br;
Cesar 260;celke260@celke.com.br;
Cesar 261;celke261@celke.com.br;
Cesar 262;celke262@celke.com.br;
Cesar 263;celke263@celke.com.br;
Cesar 264;celke264@celke.com.br;
Cesar 265;celke265@celke.com.br;
Cesar 266;celke266@celke.com.br;
Cesar 267;celke267@celke.com.br;
Cesar 268;celke268@celke.com.br;
Cesar 269;celke269@celke.com.br;
Cesar 270;celke270@celke.com.br;
Cesar 271;celke271@celke.com.br;
Cesar 272;celke272@celke.com.br;
Cesar 273;celke273@celke.com.br;
Cesar 274;celke274@celke.com.br;
Cesar 275;celke275@celke.com.br;
Cesar 276;celke276@celke.com.br;
Cesar 277;celke277@celke.com.br;
Cesar 278;celke278@celke.com.br;
Cesar 279;celke279@celke.com.br;
Cesar 280;celke280@celke.com.br;
Cesar 281;celke281@celke.com.br;
Cesar 282;celke282@celke.com.br;
Cesar 283;celke283@celke.com.br;
Cesar 284;celke284@celke.com.br;
Cesar 285;celke285@celke.com.br;
Cesar 286;celke286@celke.com.br;
Cesar 287;celke287@celke.com.br;
Cesar 288;celke288@celke.com.br;
Cesar 289;celke289@celke.com.br;
Cesar 290;celke290@celke.com.br;
Cesar 291;celke291@celke.com.br;
Cesar 292;celke292@celke.com.br;
Cesar 293;celke293@celke.com.br;
Cesar 294;celke294@celke.com.br;
Cesar 295;celke295@celke.com.br;
Cesar 296;celke296@celke.com.br;
Cesar 297;celke297@celke.com.br;
Cesar 298;celke298@celke.com.br;
Cesar 299;celke299@celke.com.br;
